WKT,nama,deskripsi
"POLYGON ((106.7875851 -6.4038815, 106.7959965 -6.4199167, 106.8020047 -6.407805, 106.7973698 -6.4018344, 106.7973698 -6.3939871, 106.7891301 -6.3943283, 106.7759121 -6.3956931, 106.781062 -6.4018344, 106.7875851 -6.4038815))",Kota Administrasi Depok, Jawa Barat,
